{"musicVol":0.6577380952380952,"effectsVol":0.3720238095238095}