{"musicVol":0.8738095419747489,"effectsVol":0.6017857142857144}